provinsi_data1,provinsi_multivariat,provinsi_geojson,pulau
ACEH,ACEH,Aceh,Sumatera
BALI,BALI,Bali,Bali & Nusa Tenggara
BANTEN,BANTEN,Banten,Jawa
BENGKULU,BENGKULU,Bengkulu,Sumatera
D I YOGYAKARTA,DI YOGYAKARTA,Di Yogyakarta,Jawa
DKI JAKARTA,DKI JAKARTA,Dki Jakarta,Jawa
GORONTALO,GORONTALO,Gorontalo,Sulawesi
JAMBI,JAMBI,Jambi,Sumatera
JAWA BARAT,JAWA BARAT,Jawa Barat,Jawa
JAWA TENGAH,JAWA TENGAH,Jawa Tengah,Jawa
JAWA TIMUR,JAWA TIMUR,Jawa Timur,Jawa
KALIMANTAN BARAT,KALIMANTAN BARAT,Kalimantan Barat,Kalimantan
KALIMANTAN SELATAN,KALIMANTAN SELATAN,Kalimantan Selatan,Kalimantan
KALIMANTAN TENGAH,KALIMANTAN TENGAH,Kalimantan Tengah,Kalimantan
KALIMANTAN TIMUR,KALIMANTAN TIMUR,Kalimantan Timur,Kalimantan
KALIMANTAN UTARA,KALIMANTAN UTARA,Kalimantan Utara,Kalimantan
KEP. BANGKA BELITUNG,KEP. BANGKA BELITUNG,Kepulauan Bangka Belitung,Sumatera
KEPULAUAN RIAU,KEP. RIAU,Kepulauan Riau,Sumatera
LAMPUNG,LAMPUNG,Lampung,Sumatera
MALUKU,MALUKU,Maluku,Maluku
MALUKU UTARA,MALUKU UTARA,Maluku Utara,Maluku
NUSA TENGGARA BARAT,NUSA TENGGARA BARAT,Nusa Tenggara Barat,Bali & Nusa Tenggara
NUSA TENGGARA TIMUR,NUSA TENGGARA TIMUR,Nusa Tenggara Timur,Bali & Nusa Tenggara
PAPUA,PAPUA,Papua,Papua
PAPUA BARAT,PAPUA BARAT,Papua Barat,Papua
PAPUA BARAT DAYA,PAPUA BARAT DAYA,Papua Barat Daya,Papua
PAPUA PEGUNUNGAN,PAPUA PEGUNUNGAN,Papua Pegunungan,Papua
PAPUA SELATAN,PAPUA SELATAN,Papua Selatan,Papua
PAPUA TENGAH,PAPUA TENGAH,Papua Tengah,Papua
RIAU,RIAU,Riau,Sumatera
SULAWESI BARAT,SULAWESI BARAT,Sulawesi Barat,Sulawesi
SULAWESI SELATAN,SULAWESI SELATAN,Sulawesi Selatan,Sulawesi
SULAWESI TENGAH,SULAWESI TENGAH,Sulawesi Tengah,Sulawesi
SULAWESI TENGGARA,SULAWESI TENGGARA,Sulawesi Tenggara,Sulawesi
SULAWESI UTARA,SULAWESI UTARA,Sulawesi Utara,Sulawesi
SUMATERA BARAT,SUMATERA BARAT,Sumatera Barat,Sumatera
SUMATERA SELATAN,SUMATERA SELATAN,Sumatera Selatan,Sumatera
SUMATERA UTARA,SUMATERA UTARA,Sumatera Utara,Sumatera
