judul_tabel,tahun,url,tanggal_akses
Jumlah Penduduk menurut Kabupaten/Kota dan Kelompok Umur (0-4),2025,Jumlah Penduduk Perempuan menurut Kabupaten Kota dan Kelompok Umur - Tabel Statistik - Badan Pusat Statistik Indonesia,2/10/2026
Kode Relasi BPS dengan Kemendagri,2025,Sistem Informasi Geografis BPS,4/10/2026
 Indonesia-GeoJSON dari Alfian-AliM ,2025,GitHub - AlfianAliM/Indonesia-GeoJSON · GitHub,4/10/2026
"Angka Kematian Balita Menurut Kabupaten/Kota, Hasil SUPAS, 2025",2025,"Angka Kematian Balita Menurut Kabupaten/Kota, Hasil SUPAS - Tabel Statistik - Badan Pusat Statistik Indonesia",4/11/2026
"Angka Kematian Kasar Menurut Provinsi, Hasil SUPAS",2025,"Angka Kematian Kasar Menurut Provinsi, Hasil SUPAS - Tabel Statistik - Badan Pusat Statistik Indonesia",2/10/2026
"Angka Kematian Bayi Menurut Provinsi, Hasil SUPAS",2025,"Angka Kematian Bayi Menurut Provinsi, Hasil SUPAS - Tabel Statistik - Badan Pusat Statistik Indonesia",2/11/2026
"Angka Kematian Balita Menurut Provinsi, Hasil SUPAS",2025,"Angka Kematian Balita Menurut Provinsi, Hasil SUPAS - Tabel Statistik - Badan Pusat Statistik Indonesia",2/12/2026
"Angka Kematian Anak Menurut Provinsi, Hasil SUPAS",2025,"Angka Kematian Anak Menurut Provinsi, Hasil SUPAS - Tabel Statistik - Badan Pusat Statistik Indonesia",2/13/2026
Persentase Penduduk Miskin Menurut Provinsi dan Daerah,2025,Persentase Penduduk Miskin (P0) Menurut Provinsi dan Daerah - Tabel Statistik - Badan Pusat Statistik Indonesia,2/14/2026
"Tingkat Pengangguran Terbuka (TPT) dan Tingkat Partisipasi Angkatan Kerja (TPAK) Menurut Provinsi, 2025",2025,"Tingkat Pengangguran Terbuka (TPT) dan Tingkat Partisipasi Angkatan Kerja (TPAK) Menurut Provinsi, 2025 - Tabel Statistik - Badan Pusat Statistik Indonesia",2/15/2026
"Persentase Rumah Tangga menurut Provinsi dan Memiliki Akses terhadap Sanitasi Layak (Persen), 2025",2025,Persentase Rumah Tangga menurut Provinsi dan Memiliki Akses terhadap Sanitasi Layak - Tabel Statistik - Badan Pusat Statistik Indonesia,2/16/2026
"Persentase Rumah Tangga yang Memiliki Akses terhadap Sumber Air Minum Layak Menurut Provinsi dan Klasifikasi Desa (Persen), 2025",2025,Persentase Rumah Tangga yang Memiliki Akses terhadap Sumber Air Minum Layak Menurut Provinsi dan Klasifikasi Desa - Tabel Statistik - Badan Pusat Statistik Indonesia,2/17/2026
